date,candidate_name,role,project,nominator,stats,areas,voters,vote_count,url
2026-02-26,Paul Hübner,Committer,JDK,Severin Gehwolf,,,"Doerr, Martin; Thomas Stüfe; Hohensee, Paul; Volker Simonis; Joel Sikstrom; Casper Norrbin; Manuel Hässig; Alan Bateman; Roberto Castaneda Lozano; Leo Korinth; Lois Foltan; Eric Caspole; Chen Liang; Roger Riggs; Brian Burkhalter; Brent Christian; Kim Barrett; David Holmes; Leonid Mesnik; Jesper Wilhelmsson; Ivan Walulya; Jaikiran Pai; Marc Chevalier; Johan Sjolen; Daniel Fuchs; Mahendra Chhipa; Stefan Johansson; Daniel Lunden; John Rose",29,https://mail.openjdk.org/pipermail/jdk-dev/2026-February/010901.html
2026-02-03,Nizar Benalla,Reviewer,JDK,Chen Liang,93 commits,,"Pavel Rappo; Alan Bateman; Andrew Dinn; Hannes Wallnoefer; Daniel Fuchs; Hohensee, Paul; Philip Race; Brian Burkhalter; Naoto Sato; Vicente Romero; Justin Lu; Alexey Ivanov; Damon Nguyen; Brent Christian; Per-Ake Minborg; Raffaello Giulietti; Roger Riggs; Jaikiran Pai; Aleksei Efimov; Dmitrii Markov; John Rose",21,https://mail.openjdk.org/pipermail/jdk-dev/2026-February/010849.html
2026-02-03,Chad Rakoczy,Committer,JDK,"Shipilev, Aleksey",18 commits,,"Andrew Dinn; Severin Gehwolf; Vladimir Kozlov; Volker Simonis; Manuel Hässig; Doerr, Martin",6,https://mail.openjdk.org/pipermail/jdk-dev/2026-February/010838.html
2026-01-30,Volkan Yazici,Reviewer,JDK,Daniel Fuchs,70 commits,daniel,Alan Bateman; Per-Ake Minborg; Daniel Jeliński; Seán Coffey; Lance Andersen; Aleksei Efimov; Raffaello Giulietti; Roger Riggs; Naoto Sato; Joe Wang; Brent Christian; Brian Burkhalter; Jaikiran Pai,13,https://mail.openjdk.org/pipermail/jdk-dev/2026-January/010816.html
2026-01-27,Galder Zamarreño,Committer,JDK,Roland Westrelin,,,"Roberto Castaneda Lozano; Severin Gehwolf; Langer, Christoph; Manuel Hässig; Francisco Ferrari Bihurriet; Raffaello Giulietti; Thomas Stüfe; Andrew Dinn; Roger Riggs; Jaikiran Pai; Tobias Hartmann; Christian Hagedorn; Marc Chevalier; Doerr, Martin; Daniel Fuchs; Mario Torre; Ashutosh Mehra",17,https://mail.openjdk.org/pipermail/jdk-dev/2026-January/010790.html
2026-01-21,Quan Anh Mai,Reviewer,JDK,Tobias Hartmann,58 changes; 80 reviews,"improvements to unsigned comparisons, LEA-based arithmetic, boolean conversions, floating-point comparisons, and multiple Vector API optimizations. Most recently, he enhanced the C2 type system with u","Alan Bateman; Jaikiran Pai; Raffaello Giulietti; Andrew Dinn; Per-Ake Minborg; Roberto Castaneda Lozano; Johan Sjolen; Daniel Fuchs; Doerr, Martin; Chen Liang; Erik Osterlund; Viktor Klang; Bhateja, Jatin; Lois Foltan; Jesper Wilhelmsson; Vladimir Kozlov; Vladimir Ivanov; David Holmes; Dean Long; Stefan Karlsson; Roland Westrelin; Brent Christian; Stefan Johansson; Christian Hagedorn; Kim Barrett; daniel.daugherty",26,https://mail.openjdk.org/pipermail/jdk-dev/2026-January/010759.html
2026-01-15,Jonas Norlinder,Committer,JDK,Erik Osterlund,18 changes,,"Stefan Karlsson; Manuel Hässig; Johan Sjolen; Jaikiran Pai; Roger Riggs; Joel Sikstrom; Claes Redestad; Eric Caspole; Jesper Wilhelmsson; Brent Christian; David Holmes; Roberto Castaneda Lozano; Robbin Ehn; Daniel Lunden; Casper Norrbin; Stefan Johansson; Doerr, Martin; Andrew Dinn; Raffaello Giulietti; Leo Korinth; Kevin Walls; Daniel Fuchs; Hohensee, Paul; Kim Barrett",24,https://mail.openjdk.org/pipermail/jdk-dev/2026-January/010732.html
2026-01-14,Bhavana Kilambi,Committer,JDK,Fei Gao,24 changes,,"Hao Sun; Bhateja, Jatin; Raffaello Giulietti; Tobias Hartmann; Manuel Hässig; Roger Riggs; Andrew Dinn",7,https://mail.openjdk.org/pipermail/jdk-dev/2026-January/010724.html
2025-12-16,Larry Cable,Committer,JDK,Serguei Spitsyn,8 changes,,David Holmes; Chris Plummer; Roger Riggs; yansendao; Seán Coffey; Daniel Fuchs; Stefan Karlsson; Raffaello Giulietti; Naoto Sato; Kevin Walls; David Buck; Kim Barrett; Leonid Mesnik,13,https://mail.openjdk.org/pipermail/jdk-dev/2025-December/010694.html
2025-12-09,Ramkumar Sunderbabu,Committer,JDK,Stefan Karlsson,28 commits,,Ivan Walulya; Hao Sun; Leonid Mesnik; Roger Riggs; Jaikiran Pai; Manukumar V S; Raffaello Giulietti; Fairoz Matte; Daniel Fuchs,9,https://mail.openjdk.org/pipermail/jdk-dev/2025-December/010668.html
2025-11-03,Francesco Andreuzzi,Committer,JDK,"Shipilev, Aleksey",55 changes,,Ivan Walulya; Thomas Schatzl; Stefan Karlsson; Andrew Dinn; Volker Simonis; Severin Gehwolf; Dean Long; Jaikiran Pai; Coleen Phillimore,9,https://mail.openjdk.org/pipermail/jdk-dev/2025-November/010573.html
2025-10-09,Saranya Natarajan,Committer,JDK,Roberto Castaneda Lozano,2 issues; 13 changes,,"Andrew Dinn; Joel Sikstrom; Casper Norrbin; Leo Korinth; Manuel Hässig; Jatin Bhateja; Johan Sjolen; Amit Kumar; Doerr, Martin; Raffaello Giulietti; Roger Riggs; Vladimir Kozlov; Jesper Wilhelmsson; Dean Long; Daniel Lunden; Tobias Hartmann; Marc Chevalier; Christian Hagedorn; Stefan Johansson; Brent Christian; Daniel Fuchs",21,https://mail.openjdk.org/pipermail/jdk-dev/2025-October/010521.html
2025-10-08,Benoît Maillard,Committer,JDK,Tobias Hartmann,13 changes,,Vladimir Kozlov; Manuel Hässig; Joel Sikstrom; Marc Chevalier; Roberto Castaneda Lozano; Raffaello Giulietti; Daniel Lunden; Andrew Dinn; Roger Riggs; Daniel Fuchs; Christian Hagedorn; Dean Long; Brent Christian,13,https://mail.openjdk.org/pipermail/jdk-dev/2025-October/010507.html
2025-09-09,David Briemann,Committer,JDK,"Doerr, Martin",,,"Reingruber, Richard; Roger Riggs; Lindenmaier, Goetz; Daniel Fuchs; Bechberger, Johannes; Baesken, Matthias; Andrew Dinn; Brent Christian; Raffaello Giulietti; Amit Kumar; Langer, Christoph",11,https://mail.openjdk.org/pipermail/jdk-dev/2025-September/010448.html
2025-09-08,David Beaumont,Committer,JDK,Roger Riggs,22 commits,,Daniel Fuchs; Andrew Dinn; Chen Liang; Jan Lahoda; Naoto Sato; jaikiran.pai; Vicente Romero; Raffaello Giulietti; Eric Caspole; Lance Andersen; Severin Gehwolf; Brent Christian; Stuart Marks,13,https://mail.openjdk.org/pipermail/jdk-dev/2025-September/010401.html
2025-09-08,Anton Artemov,Committer,JDK,coleen.phillimore,,,"Stefan Karlsson; Robbin Ehn; Joel Sikstrom; Casper Norrbin; Jesper Wilhelmsson; Leo Korinth; Andrew Dinn; Lois Foltan; Doerr, Martin; Daniel Fuchs; Roger Riggs; Daniel Lunden; Frederic Parain; David Holmes; Roberto Castaneda Lozano; Erik Osterlund; Ivan Walulya; Raffaello Giulietti; Patricio Chilano Mateo; Brent Christian; Mahendra Chhipa; Johan Sjolen; Vladimir Kozlov; Markus Gronlund",24,https://mail.openjdk.org/pipermail/jdk-dev/2025-September/010392.html
2025-08-22,Maxim Kartashev,Committer,JDK,Alexey Ushakov,18 changes,,Brian Burkhalter; Philip Race; Chen Liang; Laurent Bourgès; Roger Riggs; Artem Semenov; Raffaello Giulietti; Mahendra Chhipa; Magnus Ihse Bursie; Alexey Ivanov,10,https://mail.openjdk.org/pipermail/jdk-dev/2025-August/010329.html
2025-08-19,Mikhail Yankelevich,Committer,JDK,Rajan Halade,,,Daniel Jeliński; jaikiran.pai; Aleksei Efimov; Chen Liang; Daniel Fuchs; Naoto Sato; Anthony Scarpino; Maurizio Cimadamore; Valerie Peng; Roger Riggs; Sean Mullan; Wei-Jun Wang; Hai-May Chao; Fernando Guallini; Seán Coffey; Raffaello Giulietti; Mahendra Chhipa; Alexey Ivanov,18,https://mail.openjdk.org/pipermail/jdk-dev/2025-August/010300.html
2025-08-06,Hannes Greule,Committer,JDK,Manuel Hässig,12 changes,,"Chen Liang; Jasmine Karthikeyan; Christian Hagedorn; Vladimir Kozlov; Shipilev, Aleksey; Tobias Hartmann; jaikiran.pai; Bechberger, Johannes",8,https://mail.openjdk.org/pipermail/jdk-dev/2025-August/010280.html
2025-07-14,Lawrence Andrews,Committer,JDK,Philip Race,34 changes,,Fairoz Matte; Roger Riggs; Harshitha Onkar; Tejesh R; Prasanta Sadhukhan; Abhishek Kumar; Abdul Muneer K; Alexey Ushakov; Mahendra Chhipa; Sergey Bylokhov; Aleksei Efimov; Raffaello Giulietti; Ajit Ghaisas; Jaikiran Pai; Alexey Ivanov,15,https://mail.openjdk.org/pipermail/jdk-dev/2025-July/010222.html
2025-07-09,Manukumar V S,Committer,JDK,Alexey Ivanov,44 changes,"Regards,",Abdul Muneer K; Jaroslav Bachorik; Jayathirth Rao Daarapuram Venkatesh Murthy; Roger Riggs; Raffaello Giulietti; Ajit Ghaisas,6,https://mail.openjdk.org/pipermail/jdk-dev/2025-July/010215.html
2025-07-07,Rajat Mahajan,Committer,JDK,Alexey Ivanov,19 changes,"Regards,",Sergey Bylokhov; Dmitrii Markov; Fairoz Matte; Philip Race; Jayathirth Rao Daarapuram Venkatesh Murthy; Eric Caspole; Abdul Muneer K; Roger Riggs; Harshitha Onkar; Tejesh R; Raffaello Giulietti,11,https://mail.openjdk.org/pipermail/jdk-dev/2025-July/010208.html
2025-06-04,Daniel Gredler,Committer,JDK,Alexey Ivanov,,,Raffaello Giulietti; Alexander Zuev; Daniel Fuchs; Brent Christian,4,https://mail.openjdk.org/pipermail/jdk-dev/2025-June/010188.html
2025-05-22,Casper Norrbin,Committer,JDK,Johan Sjolen,12 changes,,Thomas Stüfe; Andrew Dinn; Joel Sikstrom; Roberto Castaneda Lozano; Stefan Karlsson; Leo Korinth; Robbin Ehn; David Holmes; Ivan Walulya; Jesper Wilhelmsson; Lois Foltan; Roger Riggs; Stefan Johansson; Chen Liang; Kim Barrett; Patricio Chilano Mateo; coleen.phillimore; Raffaello Giulietti; Mikael Vidstedt,19,https://mail.openjdk.org/pipermail/jdk-dev/2025-May/010124.html
2025-05-22,Manuel Hässig,Committer,JDK,Tobias Hartmann,16 changes,,Roberto Castaneda Lozano; Jesper Wilhelmsson; Andrew Dinn; Christian Hagedorn; Damon Fenacci; Daniel Lunden; Roger Riggs; Vladimir Kozlov; Chen Liang; Dean Long; Vladimir Ivanov; Patricio Chilano Mateo; Jasmine Karthikeyan; Marc Chevalier; Aleksey Shipilev; Eric Caspole; Raffaello Giulietti; Mikael Vidstedt,18,https://mail.openjdk.org/pipermail/jdk-dev/2025-May/010136.html
2025-05-15,Volkan Yazıcı,Committer,JDK,Jaikiran Pai,29 changes,reasonably bigger sized enhancements to the java.net.http.HttpClient,"Michael McMahon; Aleksei Efimov; Lance Andersen; Roger Riggs; Naoto Sato; Daniel Fuchs; Raffaello Giulietti; Brent Christian; Christian Stein; Alan Bateman; Daniel Jeliński; Brian Burkhalter; Chen Liang; Joe Wang; Langer, Christoph; Seán Coffey",16,https://mail.openjdk.org/pipermail/jdk-dev/2025-May/010083.html
2025-05-06,Artur Barashev,Committer,JDK,Sean Mullan,15 changes,,Aleksei Efimov; Seán Coffey; Roger Riggs; Daniel Jeliński; Daniel Fuchs; Jamil Nimeh; Wei-Jun Wang; Raffaello Giulietti; Alexey Bakhtin; Joe Wang; Valerie Peng; Bradford Wetmore; Anthony Scarpino; Jaikiran Pai; Matthew Donovan; Brent Christian,16,https://mail.openjdk.org/pipermail/jdk-dev/2025-May/010032.html
2025-04-22,Marc Chevalier,Committer,JDK,Tobias Hartmann,16 changes,,"Christian Hagedorn; Chen Liang; Damon Fenacci; Roger Riggs; Emanuel Peter; Eric Caspole; Vladimir Kozlov; Jesper Wilhelmsson; Dean Long; Mikael Vidstedt; Andrew Dinn; Daniel Lunden; Aleksei Efimov; Roberto Castaneda Lozano; Thomas Stüfe; Vladimir Ivanov; Raffaello Giulietti; Brent Christian; Daniel Fuchs; Doerr, Martin",20,https://mail.openjdk.org/pipermail/jdk-dev/2025-April/009978.html
2025-04-08,Martin Balao,Reviewer,JDK,Andrew Dinn,46 changes,,"Thomas Stüfe; Alan Bateman; Severin Gehwolf; Lindenmaier, Goetz; Philip Race; Serguei Spitsyn; Aleksey Shipilev; Sean Mullan; Hohensee, Paul; Daniel Jeliński; Christian Hagedorn; Tobias Hartmann; Jaikiran Pai; Wei-Jun Wang; Raffaello Giulietti; Roland Westrelin; Daniel Fuchs; Roger Riggs; Valerie Peng; Yuri Nesterenko; Volker Simonis; Langer, Christoph; Andrew Haley",23,https://mail.openjdk.org/pipermail/jdk-dev/2025-April/009925.html
2025-04-03,Daniel Skantz,Committer,JDK,Roberto Castaneda Lozano,10 changes,,Daniel Lunden; David Holmes; Andrew Dinn; Johan Sjolen; Robbin Ehn; Aleksei Efimov; Aleksey Shipilev; Seán Coffey; Dmitrii Markov; Jesper Wilhelmsson; Vladimir Kozlov; Vladimir Ivanov; Lutz Schmidt; Stefan Johansson; Tobias Hartmann; Damon Fenacci; Daniel Fuchs; Roger Riggs; Jaikiran Pai; Christian Hagedorn; Raffaello Giulietti; Mikael Vidstedt,22,https://mail.openjdk.org/pipermail/jdk-dev/2025-April/009858.html
2025-04-03,Eric Caspole,Reviewer,JDK,Vladimir Kozlov,50 changes,,"Philip Race; Vladimir Ivanov; Ramakrishna, Ramki; Dean Long; Andrew Dinn; Lutz Schmidt; Roger Riggs; Jesper Wilhelmsson; Brent Christian; Jayathirth Rao Daarapuram Venkatesh Murthy; Daniel Jeliński; David Holmes; Thomas Stuefe; Stefan Johansson; Tobias Hartmann; Roberto Castaneda Lozano; Johan Sjolen; Ivan Walulya; Lois Foltan; coleen.phillimore; Sean Mullan; Patricio Chilano Mateo; Daniel Fuchs; Serguei Spitsyn; Sangheon Kim; Jaikiran Pai; Kim Barrett; Robbin Ehn; Thomas Schatzl; Raffaello Giulietti; Aleksey Shipilev; Hohensee, Paul; Christian Hagedorn; Mikael Vidstedt; Roland Westrelin; Chen Liang; Gerard Ziemski; Langer, Christoph",38,https://mail.openjdk.org/pipermail/jdk-dev/2025-April/009872.html
2025-03-14,Cesar Soares Lucas,Committer,JDK,Aleksey Shipilev,30+ changes,C2 compiler; Shenandoah GC,"Roberto Castaneda Lozano; Kennke, Roman; Vladimir Kozlov; Vladimir Ivanov; John Rose; David Holmes; Tobias Hartmann; Andrew Dinn; Christian Hagedorn; Roger Riggs; Ramakrishna, Ramki",11,https://mail.openjdk.org/pipermail/jdk-dev/2025-March/009817.html
2025-03-14,Xiaolong Peng,Committer,JDK,Aleksey Shipilev,19 changes,HotSpot; Shenandoah GC,"Thomas Stüfe; Sergey Bylokhov; David Holmes; Ramakrishna, Ramki; Andrew Dinn; Roger Riggs",6,https://mail.openjdk.org/pipermail/jdk-dev/2025-March/009819.html
2025-02-17,Francisco Ferrari Bihurriet,Committer,JDK,Martin Balao,,code patch development &#8212;see a full,"Alexey Bakhtin; Baesken, Matthias; Andrew Dinn; Severin Gehwolf; Mario Torre; Roland Westrelin; Andrew Haley; Sean Mullan; Jamil Nimeh; Thomas Stüfe; Roger Riggs; Wei-Jun Wang; Jaikiran Pai",13,https://mail.openjdk.org/pipermail/jdk-dev/2025-February/009750.html
2025-02-05,Fernando Guallini,Committer,JDK,Rajan Halade,41 changesets,Core and security libraries,Aleksei Efimov; Sean Mullan; Raffaello Giulietti; Wei-Jun Wang; Jamil Nimeh; Roger Riggs; Joe Wang; Anthony Scarpino; Jaikiran Pai; Daniel Fuchs; Brent Christian; Maurizio Cimadamore; Matthew Donovan,13,https://mail.openjdk.org/pipermail/jdk-dev/2025-February/009720.html
2025-01-16,Kelvin Nilsen,Committer,JDK,"Ramakrishna, Ramki",10 commits; 30 issues,Shenandoah; GenShen,"Aleksey Shipilev; Severin Gehwolf; Kennke, Roman; Thomas Stüfe; Volker Simonis; Andrew Dinn",6,https://mail.openjdk.org/pipermail/jdk-dev/2025-January/009677.html
2024-10-08,Smita Kamath,Committer,JDK,"Viswanathan, Sandhya",15 patches,JVM optimizations; Intel,Vladimir Kozlov; Anthony Scarpino; Tobias Hartmann,3,https://mail.openjdk.org/pipermail/jdk-dev/2024-October/009462.html
2024-10-04,Gerard Ziemski,Reviewer,JDK,Johan Sjolen,100 changes,HotSpot runtime; NMT; macOS,"Thomas Schatzl; coleen.phillimore; Hohensee, Paul; Claes Redestad; Brian Burkhalter; Daniel Fuchs; Robbin Ehn; Philip Race; Vladimir Kozlov; Doerr, Martin; Patricio Chilano Mateo; daniel.daugherty; Chris Plummer; Jaikiran Pai; Andrew Dinn; Calvin Cheung; Brent Christian; dean.long; Magnus Ihse Bursie; Sangheon Kim; David Holmes; Raffaello Giulietti",22,https://mail.openjdk.org/pipermail/jdk-dev/2024-October/009434.html
2024-09-24,Joel Sikström,Committer,JDK,Stefan Karlsson,,,Jesper Wilhelmsson; Robbin Ehn; Roberto Castaneda Lozano; Vladimir Kozlov; Thomas Schatzl; Eric Caspole; Roger Riggs; David Holmes; Leonid Mesnik; Johan Sjolen; Ivan Walulya; Andrew Dinn; Stefan Johansson; Daniel Lunden; Kim Barrett,15,https://mail.openjdk.org/pipermail/jdk-dev/2024-September/009402.html
2024-09-03,Sendao Yan,Committer,JDK,Yi Yang,36 PRs,Test case improvements; QA,"Lindenmaier, Goetz; Andrew Dinn; yangfei; Severin Gehwolf; Hohensee, Paul; Brian Burkhalter",6,https://mail.openjdk.org/pipermail/jdk-dev/2024-September/009380.html
2024-08-29,Nizar Benella,Committer,JDK,Jonathan Gibbons,30 contributions,Jonathan Gibbons,Chen Liang; Pavel Rappo; Christian Stein; Jaikiran Pai; Alan Bateman; Chris Plummer; Maurizio Cimadamore; Mario Torre; Vicente Romero; Jan Lahoda; Magnus Ihse Bursie; Daniel Fuchs; Naoto Sato; Brent Christian; Joe Wang,15,https://mail.openjdk.org/pipermail/jdk-dev/2024-August/009362.html
2024-08-20,Shaojin Wen,Committer,JDK,Claes Redestad,25 PRs,String optimizations; formatting,Robbin Ehn; Yi Yang; johnsjiang; Raffaello Giulietti; Magnus Ihse Bursie; Maurizio Cimadamore; Guoxiong Li; Chen Liang; Yudi Zheng; Andrew Dinn; Roger Riggs; Naoto Sato; Jasmine Karthikeyan; Denghui Dong; Serguei Spitsyn; Mikael Vidstedt; Alan Bateman,17,https://mail.openjdk.org/pipermail/jdk-dev/2024-August/009326.html
2024-08-12,Daniel Lundén,Committer,JDK,Roberto Castaneda Lozano,18 changes,,"Christian Hagedorn; Robbin Ehn; Stefan Karlsson; Tobias Hartmann; Emanuel Peter; Andrew Dinn; Severin Gehwolf; Tobias Holenstein; Jasmine Karthikeyan; Vladimir Kozlov; Roger Riggs; dean.long; Erik Osterlund; Doerr, Martin; Magnus Ihse Bursie; Stefan Johansson; Jaikiran Pai; coleen.phillimore; Raffaello Giulietti; Mahendra Chhipa; Leo Korinth; Mikael Vidstedt",22,https://mail.openjdk.org/pipermail/jdk-dev/2024-August/009294.html
2024-08-01,Ben Perez,Committer,JDK,Valerie Peng,16 fixes,From: jdk-dev <jdk-dev-retn at openjdk.org> On Behalf Of Sean Mullan,Daniel Jeliński; Daniel Fuchs; Mahendra Chhipa; Hai-May Chao; Roger Riggs; Raffaello Giulietti,6,https://mail.openjdk.org/pipermail/jdk-dev/2024-August/009282.html
2024-07-05,Sonia Zaldana Calles,Committer,JDK,Thomas Stuefe,25 patches,HotSpot runtime; porting; serviceability,"Severin Gehwolf; Volker Simonis; Mario Torre; Amit Kumar; Thomas Stüfe; Johan Sjolen; Roland Westrelin; Tobias Hartmann; coleen.phillimore; Hohensee, Paul; David Holmes; Langer, Christoph; Andrew Dinn; Kennke, Roman; Raffaello Giulietti; Roger Riggs; Doerr, Martin; Kim Barrett",18,https://mail.openjdk.org/pipermail/jdk-dev/2024-July/009203.html
2024-06-26,Archie Cobbs,Committer,JDK,Vicente Romero,,javac; core-libs; XML; JEPs,Andrew Dinn; Mario Torre; Chen Liang; Roger Riggs; Raffaello Giulietti; Jaikiran Pai; Lance Andersen; Joe Darcy; Dalibor Topic; Jonathan Gibbons; Daniel Fuchs; Maurizio Cimadamore; Jan Lahoda; Brian Burkhalter,14,https://mail.openjdk.org/pipermail/jdk-dev/2024-June/009168.html
2024-06-17,Jasmine Karthikeyan,Committer,JDK,Tobias Hartmann,12 changes,C2 compiler; IGVN,"Christian Hagedorn; Andrew Dinn; yangfei; Claes Redestad; Tobias Holenstein; Vladimir Kozlov; Mikael Vidstedt; Amit Kumar; Roger Riggs; Doerr, Martin; Chen Liang; Ivan Walulya; Viswanathan, Sandhya; Bhateja, Jatin; Raffaello Giulietti",15,https://mail.openjdk.org/pipermail/jdk-dev/2024-June/009123.html
2024-06-12,Scott Gibbons,Committer,JDK,"Viswanathan, Sandhya",17 patches,JVM optimizations; Intel,"Vladimir Kozlov; dean.long; Tobias Hartmann; Severin Gehwolf; Jaikiran Pai; Andrew Dinn; Eric Caspole; Brent Christian; Roger Riggs; Langer, Christoph; Christian Hagedorn; Daniel Fuchs; Raffaello Giulietti; Hohensee, Paul; Chen Liang; Jorn Vernee; Bhateja, Jatin; Schmidt, Lutz",18,https://mail.openjdk.org/pipermail/jdk-dev/2024-June/009088.html
2024-06-10,Varada M,Committer,JDK,"Doerr, Martin",17 patches,AIX port,"Amit Kumar; Jaikiran Pai; Thomas Stüfe; Volker Simonis; Reingruber, Richard; Bechberger, Johannes; Alan Bateman; Baesken, Matthias; Daniel Fuchs; Langer, Christoph; Raffaello Giulietti; Schmidt, Lutz; Chen Liang; Roger Riggs",14,https://mail.openjdk.org/pipermail/jdk-dev/2024-June/009081.html
2024-05-28,Yudi Zheng,Committer,JDK,Douglas Simon,818 commits,JVMCI; Graal,Tobias Hartmann; Christian Hagedorn; Vladimir Kozlov; Amit Kumar; dean.long; yumin qi,6,https://mail.openjdk.org/pipermail/jdk-dev/2024-May/009029.html
2024-05-15,Chen Liang,Committer,JDK,Adam Sotona,,Core libraries; classfile API,Claes Redestad; Pavel Rappo; Alan Bateman; Lance Andersen; Jan Lahoda; Roger Riggs; Daniel Fuchs; Jaikiran Pai; Vicente Romero; Joe Wang; Maurizio Cimadamore; Brian Burkhalter; Andrew Dinn; Paul Sandoz; Amit Kumar; Naoto Sato; Jonathan Gibbons; Raffaello Giulietti; Jorn Vernee,19,https://mail.openjdk.org/pipermail/jdk-dev/2024-May/008964.html
2024-05-06,Joachim Kern,Committer,JDK,"Doerr, Martin",20+ patches,AIX port,"Reingruber, Richard; Bechberger, Johannes; Baesken, Matthias; Severin Gehwolf; Lindenmaier, Goetz; Thomas Stüfe; Langer, Christoph; Magnus Ihse Bursie; Robbin Ehn; Andrew Dinn; Jaikiran Pai; Roger Riggs; Raffaello Giulietti; Amit Kumar",14,https://mail.openjdk.org/pipermail/jdk-dev/2024-May/008916.html
2024-03-13,Fredrik Bredberg,Committer,JDK,Jesper Wilhelmsson,17 patches,JVM Runtime; Loom stack frames,"dean.long; daniel.daugherty; Mikhailo Seledtsov; Philip Race; Muneer Kolarkunnu; David Holmes; Jaikiran Pai; Robbin Ehn; Tobias Holenstein; Reingruber, Richard; Leo Korinth; Johan Sjolen; Doerr, Martin; Andrew Dinn; Roberto Castaneda Lozano; Fairoz Matte; Severin Gehwolf; Erik Osterlund; Ivan Walulya; Volker Simonis; Daniel Fuchs; Roger Riggs; Eric Caspole; Patricio Chilano Mateo; Lois Foltan; coleen.phillimore; Stefan Johansson; Mikael Vidstedt; Hohensee, Paul; Tobias Hartmann; Stefan Karlsson; Calvin Cheung; Magnus Ihse Bursie; Langer, Christoph",34,https://mail.openjdk.org/pipermail/jdk-dev/2024-March/008768.html
2024-03-12,Ludvig Janiuk,Committer,JDK,Leo Korinth,24 PRs,Compiler; JFR; build; testing,"Roger Riggs; Robbin Ehn; Christian Hagedorn; Eric Caspole; daniel.daugherty; Raffaello Giulietti; Claes Redestad; Vladimir Kozlov; Erik Gahlin; Erik Osterlund; Jesper Wilhelmsson; Volker Simonis; Severin Gehwolf; Seán Coffey; Daniel Fuchs; Stefan Johansson; Mikhailo Seledtsov; David Holmes; David Buck; dean.long; Jaikiran Pai; Tobias Holenstein; Daniel Jeliński; Johan Sjolen; Fairoz Matte; Dmitrii Markov; Roberto Castaneda Lozano; Ivan Walulya; Patricio Chilano Mateo; Lois Foltan; coleen.phillimore; Aleksei Ivanov; Mikael Vidstedt; Tobias Hartmann; Stefan Karlsson; Calvin Cheung; Magnus Ihse Bursie; Langer, Christoph",38,https://mail.openjdk.org/pipermail/jdk-dev/2024-March/008749.html
2024-01-26,Harshitha Onkar,Reviewer,JDK,Philip Race,44 contributions,AWT; Swing; Java 2D,Ajit Ghaisas; Jayathirth Rao Daarapuram Venkatesh Murthy; Dmitrii Markov; Aleksei Ivanov; Brent Christian; Daniel Fuchs; Damon Nguyen; alexander.zvegintsev,8,https://mail.openjdk.org/pipermail/jdk-dev/2024-January/008698.html
2024-01-23,William Kemper,Committer,JDK,Aleksey Shipilev,50+ commits + 375 GenShen,Shenandoah; GenShen; G1 GC,"Doerr, Martin; Lindenmaier, Goetz; Volker Simonis; Kennke, Roman; Severin Gehwolf; yangfei; Srinivas Ramakrishna; Raffaello Giulietti; Stefan Karlsson; Langer, Christoph; Thomas Schatzl; Thomas Stüfe",12,https://mail.openjdk.org/pipermail/jdk-dev/2024-January/008681.html
2024-01-09,Kevin Walls,Reviewer,JDK,Serguei Spitsyn,111 changesets,Serviceability; JMX; JCMD; SA,"Seán Coffey; Robbin Ehn; Jorn Vernee; Sundararajan Athijegannathan; Stefan Karlsson; coleen.phillimore; Thomas Stuefe; Lois Foltan; Sean Mullan; Alan Bateman; Wei-Jun Wang; Andrew Dinn; Raffaello Giulietti; Severin Gehwolf; Roger Riggs; Jaikiran Pai; Dmitrii Markov; Daniel Jeliński; mandy.chung; Daniel Fuchs; Iris Clark; daniel.daugherty; Vladimir Kozlov; Chris Plummer; Jesper Wilhelmsson; Mikael Vidstedt; dean.long; David Holmes; Langer, Christoph; Baesken, Matthias; Aleksei Ivanov; Hohensee, Paul; Magnus Ihse Bursie; Tony Printezis; Brent Christian; Vladimir Ivanov",36,https://mail.openjdk.org/pipermail/jdk-dev/2024-January/008622.html
2023-12-20,Markus Karg,Committer,JDK,"Kennke, Roman",12+ improvements,NIO performance; Jakarta REST,Severin Gehwolf; Thomas Stüfe,2,https://mail.openjdk.org/pipermail/jdk-dev/2023-December/008598.html
2023-12-13,Viktor Klang,Committer,JDK,Alan Bateman,~40 contributions,Core libraries; streams; j.u.concurrent,"Lance Andersen; Jim Laskey; Jaikiran Pai; Christian Stein; Pavel Rappo; Jan Lahoda; Seán Coffey; Severin Gehwolf; Robbin Ehn; Daniel Jeliński; Langer, Christoph; Roger Riggs; Ron Pressler; Daniel Fuchs; Michael McMahon; Tony Printezis; mandy.chung; Serguei Spitsyn; Joe Darcy; Mikael Vidstedt; Brian Burkhalter; Naoto Sato; Brent Christian; Jorn Vernee; dean.long; David Holmes; Andrew Dinn; Volker Simonis; Mario Torre; Tobias Holenstein; Adam Sotona; Joe Wang; Philip Race; Stuart Marks; Maurizio Cimadamore; Raffaello Giulietti; Vladimir Ivanov",37,https://mail.openjdk.org/pipermail/jdk-dev/2023-December/008548.html
2023-11-30,Eirik Bjorsnos,Committer,JDK,Jaikiran Pai,31 commits,JAR/ZIP API; performance,Alan Bateman; Severin Gehwolf; Andrew Dinn; Seán Coffey; Roger Riggs; Amit Kumar; Daniel Fuchs; Lance Andersen; Brian Burkhalter; Volker Simonis; Sean Mullan,11,https://mail.openjdk.org/pipermail/jdk-dev/2023-November/008474.html
2023-10-23,Aggelos Biboudis,Committer,JDK,Jan Lahoda,30 changes,Pattern matching; unnamed variables,Daniel Fuchs; Vicente Romero; Tony Printezis; Andrew Dinn; Christian Hagedorn; Alan Bateman; Mahendra Chhipa; Roger Riggs; Seán Coffey; Joe Darcy; Maurizio Cimadamore; Daniel Jeliński; Tobias Hartmann; Brent Christian; Jorn Vernee; Raffaello Giulietti; Brian Goetz; Jonathan Gibbons; Tobias Holenstein; Adam Sotona,20,https://mail.openjdk.org/pipermail/jdk-dev/2023-October/008397.html
2023-10-17,Per-Åke Minborg,Reviewer,JDK,Alan Bateman,58 commits,,"Robbin Ehn; Severin Gehwolf; Seán Coffey; Michael McMahon; Jesper Wilhelmsson; Maurizio Cimadamore; Leo Korinth; Volker Simonis; Claes Redestad; Daniel Fuchs; Brian Burkhalter; Roger Riggs; Doerr, Martin; Daniel Jeliński; Vladimir Kozlov; Joe Wang; Jorn Vernee; Naoto Sato; Brent Christian; Lance Andersen; Jonathan Gibbons; Philip Race; Langer, Christoph; Mikael Vidstedt; dean.long; Serguei Spitsyn; Jaikiran Pai; mandy.chung; Andrew Dinn; Joe Darcy; Stefan Karlsson",31,https://mail.openjdk.org/pipermail/jdk-dev/2023-October/008360.html
2023-10-02,Mark Powers,Committer,JDK,Sean Mullan,21 changes,Security libraries; HSS/LMS,Daniel Fuchs; daniel.daugherty; Joe Wang; Jamil Nimeh; Hai-May Chao; Valerie Peng; Jaikiran Pai; Roger Riggs; Brent Christian; Anthony Scarpino; Robbin Ehn; Daniel Jeliński; Yuri Nesterenko; Maurizio Cimadamore; Raffaello Giulietti; Mikael Vidstedt,16,https://mail.openjdk.org/pipermail/jdk-dev/2023-October/008289.html
2023-08-08,Ashutosh Mehra,Committer,JDK,Thomas Stuefe,19 changes,Shenandoah; CDS; SA,"Robbin Ehn; Andrew Dinn; Severin Gehwolf; coleen.phillimore; Mario Torre; David Holmes; Langer, Christoph; Raffaello Giulietti; Roger Riggs; Calvin Cheung; Mikael Vidstedt; Jaikiran Pai; yangfei",13,https://mail.openjdk.org/pipermail/jdk-dev/2023-August/008042.html
2023-07-06,Zdeněk Žamberský,Committer,JDK,Thomas Stuefe,11 changes,,"Severin Gehwolf; Lindenmaier, Goetz; Andrew Dinn; Langer, Christoph; Mario Torre; Martin Balao; Hohensee, Paul; Tyler Steele; Amit Kumar",9,https://mail.openjdk.org/pipermail/jdk-dev/2023-July/008007.html
2023-07-04,Doug Simon,Reviewer,JDK,Andrew Dinn,86 PRs,Red Hat Distinguished Engineer,"Doerr, Martin; Tobias Hartmann; Tony Printezis; Thomas Stüfe; Christian Hagedorn; Severin Gehwolf; dean.long; David Holmes; Langer, Christoph; Robbin Ehn; Igor Veresov; Roger Riggs; Vladimir Ivanov; Hohensee, Paul; Serguei Spitsyn; mandy.chung; Jiangli Zhou; Jaikiran Pai; Vladimir Kozlov; Alan Bateman; Mikael Vidstedt; Yuri Nesterenko; daniel.daugherty",23,https://mail.openjdk.org/pipermail/jdk-dev/2023-July/007989.html
2023-06-12,Feilong Jiang,Committer,JDK,yangfei,33 changes,RISC-V port,Tobias Hartmann; Robbin Ehn; Guoxiong Li; Andrew Dinn; Ludovic Henry,5,https://mail.openjdk.org/pipermail/jdk-dev/2023-June/007916.html
2023-06-12,Kevin Driver,Committer,JDK,Sean Mullan,12 changes,Security libraries,Jamil Nimeh; Roger Riggs; Seán Coffey; Daniel Fuchs; Weijun Wang; Anthony Scarpino; Joe Wang; Xuelei Fan; Jaikiran Pai; Daniel Jeliński; Brent Christian; Bradford Wetmore; Hai-May Chao; Valerie Peng,14,https://mail.openjdk.org/pipermail/jdk-dev/2023-June/007930.html
2023-06-12,Yadong Wang,Committer,JDK,yangfei,17 contributions,RISC-V; AArch64,Tobias Hartmann; Robbin Ehn; Guoxiong Li; Andrew Dinn; Ludovic Henry,5,https://mail.openjdk.org/pipermail/jdk-dev/2023-June/007917.html
2023-05-25,Amit Kumar,Committer,JDK,Tyler Steele,19 changes,s390 maintenance; dynamic invocation,"Lindenmaier, Goetz; David Holmes; Andrew Dinn; Severin Gehwolf; Thomas Stüfe; Langer, Christoph; Volker Simonis; Doerr, Martin; Roger Riggs; Daniel Fuchs; Schmidt, Lutz; Jaikiran Pai",12,https://mail.openjdk.org/pipermail/jdk-dev/2023-May/007829.html
2023-05-17,Darragh Clarke,Committer,JDK,Daniel Fuchs,12 changesets,some tricky fixes in,Eric Caspole; Roger Riggs; Raffaello Giulietti; Brian Burkhalter; Naoto Sato; Brent Christian; Jaikiran Pai; Daniel Jeliński; Lance Andersen; Michael McMahon; Seán Coffey; mandy.chung,12,https://mail.openjdk.org/pipermail/jdk-dev/2023-May/007797.html
2023-05-15,Johannes Bechberger,Committer,JDK,"Langer, Christoph",11 changes,JVM profiling; JEP 435,"Baesken, Matthias; Doerr, Martin; David Holmes; Robbin Ehn; Volker Simonis; Raffaello Giulietti; Thomas Stüfe; Roger Riggs; Laurent Bourgès; Aleksey Shipilev; Severin Gehwolf; Lindenmaier, Goetz; Jaroslav Bachorik",13,https://mail.openjdk.org/pipermail/jdk-dev/2023-May/007780.html
2023-04-13,Matthew Donovan,Committer,JDK,Rajan Halade,15 changesets,Security libraries,Sean Mullan; Sibabrata Sahoo; Seán Coffey; Roger Riggs; Daniel Fuchs; Jamil Nimeh; Brent Christian; Joe Wang; Xuelei Fan; Muneer Kolarkunnu; Raffaello Giulietti; Stuart Marks,12,https://mail.openjdk.org/pipermail/jdk-dev/2023-April/007624.html
2023-04-04,Justin Lu,Committer,JDK,Naoto Sato,54 changes,Internationalization,Lance Andersen; Brian Burkhalter; Roger Riggs; Jaikiran Pai; Iris Clark; Yuri Nesterenko; Raffaello Giulietti; Daniel Fuchs; Brent Christian; Joe Wang; Stuart Marks,11,https://mail.openjdk.org/pipermail/jdk-dev/2023-April/007567.html
2023-04-03,Damon Nguyen,Committer,JDK,Roger Riggs,19 changes,Client libraries,Daniel Fuchs; Harshitha Onkar; alexander.zvegintsev; Tejesh R; Abhishek Kumar; Fairoz Matte; Ajit Ghaisas; Sergey Bylokhov; Jaikiran Pai; Dmitrii Markov; Raffaello Giulietti; Aleksei Ivanov; Prasanta Sadhukhan; Jayathirth Rao Daarapuram Venkatesh Murthy; Tyler Steele,15,https://mail.openjdk.org/pipermail/jdk-dev/2023-April/007560.html
2023-03-21,Afshin Zafari,Committer,JDK,Robbin Ehn,16 changesets,8301684: Fix test code to not get finalizer deprecation warnings,Leo Korinth; David Holmes; Daniel Fuchs; Roberto Castañeda Lozano; Jesper Wilhelmsson; Andrew Dinn; Lois Foltan; patricio.chilano.mateo; coleen.phillimore; Frederic Parain; Calvin Cheung; daniel.daugherty; Roger Riggs; yumin qi; Mikael Vidstedt,15,https://mail.openjdk.org/pipermail/jdk-dev/2023-March/007499.html
2023-03-20,Frederic Parain,Reviewer,JDK,coleen.phillimore,,HotSpot runtime; Valhalla; field layout,"Vicente Romero; Chris Plummer; Calvin Cheung; Lois Foltan; Vladimir Kozlov; Erik Osterlund; Daniel Fuchs; Serguei Spitsyn; daniel.daugherty; Mikael Vidstedt; dean.long; patricio.chilano.mateo; yumin qi; Philip Race; Hohensee, Paul; David Holmes; Tobias Hartmann; Alan Bateman; Robbin Ehn; Reingruber, Richard; Severin Gehwolf; Langer, Christoph; Jaikiran Pai; Christian Hagedorn; Jesper Wilhelmsson; Andrew Dinn; Roger Riggs; mandy.chung; Volker Simonis; Erik Gahlin; Viswanathan, Sandhya; Brent Christian",32,https://mail.openjdk.org/pipermail/jdk-dev/2023-March/007475.html
2023-03-10,Matias Saveedra Silva,Committer,JDK,coleen.phillimore,48+ contributions,HotSpot runtime; CDS; Valhalla; Leyden,"yumin qi; Andrew Dinn; Calvin Cheung; daniel.daugherty; Lois Foltan; patricio.chilano.mateo; Jesper Wilhelmsson; Vladimir Kozlov; Mikael Vidstedt; David Holmes; Daniel Fuchs; Volker Simonis; Thomas Stüfe; Mikhailo Seledtsov; Langer, Christoph; Roger Riggs; Raffaello Giulietti; Frederic Parain; Reingruber, Richard",19,https://mail.openjdk.org/pipermail/jdk-dev/2023-March/007448.html
2023-02-27,Damon Fenacci,Committer,JDK,Tobias Hartmann,13 changes,HotSpot compiler; memory; GC,Eric Caspole; Roberto Castañeda Lozano; Tobias Holenstein; Andrew Dinn; Vladimir Kozlov; Vladimir Ivanov; Mikael Vidstedt; Igor Veresov; Jesper Wilhelmsson; dean.long; David Holmes; Serguei Spitsyn; Emanuel Peter,13,https://mail.openjdk.org/pipermail/jdk-dev/2023-February/007373.html
2023-02-06,Koichi Sakata,Committer,JDK,Tobias Holenstein,16 commits,Code cleanup; IGV improvements,Tobias Hartmann; Severin Gehwolf; David Buck; Yasumasa Suenaga; Muneer Kolarkunnu; dean.long; Christian Hagedorn; Chihiro Ito; Fairoz Matte; Vladimir Kozlov; Roberto Castañeda Lozano,11,https://mail.openjdk.org/pipermail/jdk-dev/2023-February/007330.html
2023-01-25,Justin King,Committer,JDK,Magnus Ihse Bursie,25 commits,Code cleanup; memory leaks; ASan,"Thomas Schatzl; Roger Riggs; coleen.phillimore; daniel.daugherty; Thomas Stüfe; Jiangli Zhou; Severin Gehwolf; dean.long; Tobias Hartmann; David Holmes; Reingruber, Richard; Jaikiran Pai; Raffaello Giulietti; Vladimir Kozlov",14,https://mail.openjdk.org/pipermail/jdk-dev/2023-January/007309.html
2023-01-10,Abhishek Kumar,Committer,JDK,Philip Race,14 changes,Swing; Accessibility; GTK; macOS L&F,Roger Riggs; Prasanta Sadhukhan; Jayathirth Rao Daarapuram Venkatesh Murthy; Ajit Ghaisas; Tejesh R; Daniel Fuchs; Raffaello Giulietti; Alexander Zvegintsev; Fairoz Matte; Harshitha Onkar; Jaikiran Pai; Aleksei Ivanov; Brent Christian,13,https://mail.openjdk.org/pipermail/jdk-dev/2023-January/007289.html
2022-12-13,Per-Ake Minborg,Committer,JDK,Alan Bateman,37 commits; 14 changes,FFM API; Leyden; JEP 454,"Daniel Fuchs; Raffaello Giulietti; Roger Riggs; Jonathan Gibbons; Maurizio Cimadamore; Jim Laskey; Brian Burkhalter; Lance Andersen; Joe Darcy; Naoto Sato; Volker Simonis; Brent Christian; Joe Wang; Langer, Christoph; Mikael Vidstedt; Andrew Dinn; Jaikiran Pai; Severin Gehwolf; Seán Coffey; Muneer Kolarkunnu; Michael McMahon; Magnus Ihse Bursie",22,https://mail.openjdk.org/pipermail/jdk-dev/2022-December/007250.html
2022-12-13,Fei Gao,Committer,JDK,Pengfei Li,18 changes,C2 JIT; AArch64; x86,Tobias Hartmann; dean.long; Volker Simonis; Christian Hagedorn; Severin Gehwolf; Nick Gasson; Andrew Dinn; Vladimir Kozlov; Ningsheng Jian; Eric Liu; Xiaohong Gong,11,https://mail.openjdk.org/pipermail/jdk-dev/2022-December/007234.html
2022-12-13,Hao Sun,Committer,JDK,Pengfei Li,28 changes,AArch64; NEON/SVE; HotSpot,Tobias Hartmann; dean.long; Christian Hagedorn; Volker Simonis; Severin Gehwolf; Nick Gasson; Andrew Dinn; Vladimir Kozlov; Ningsheng Jian; Eric Liu; Xiaohong Gong,11,https://mail.openjdk.org/pipermail/jdk-dev/2022-December/007235.html
2022-11-14,Ludovic Henry,Committer,JDK,Claes Redestad,12 significant changes,RISC-V; AArch64; HotSpot intrinsics,"Langer, Christoph; Thomas Stüfe; Roberto Castañeda Lozano; Severin Gehwolf; Tobias Hartmann; Raffaello Giulietti; Aleksei Efimov; Volker Simonis; Daniel Fuchs; Andrew Dinn; Roger Riggs; Erik Gahlin; Hohensee, Paul; Joe Wang; Vladimir Kozlov; Vladimir Ivanov; yangfei; Viswanathan, Sandhya; dean.long; Magnus Ihse Bursie; Nick Gasson; Vladimir Kempik; Yuri Nesterenko",23,https://mail.openjdk.org/pipermail/jdk-dev/2022-November/007165.html
2022-11-11,Aleksei Efimov,Reviewer,JDK,Daniel Fuchs,,daniel,"Pavel Rappo; Hohensee, Paul; Chris Hegarty; Alan Bateman; Seán Coffey; Severin Gehwolf; Raffaello Giulietti; Andrew Dinn; Dmitrii Markov; Michael McMahon; Xuelei Fan; Joe Wang; Roger Riggs; Langer, Christoph; Jaikiran Pai; Wei-Jun Wang; Brian Burkhalter; Lance Andersen; Naoto Sato; Brent Christian; Aleksei Ivanov; Serguei Spitsyn; Anton Litvinov",23,https://mail.openjdk.org/pipermail/jdk-dev/2022-November/007147.html
2022-11-08,Harshitha Honkar,Committer,JDK,Philip Race,14 changes,,Alexander Zuev; Tejesh R; Jayathirth Rao Daarapuram Venkatesh Murthy; Volker Simonis; Raffaello Giulietti; Dmitrii Markov; Roger Riggs; Aleksei Ivanov; Daniel Fuchs; Brent Christian; Alexander Zvegintsev; Prasanta Sadhukhan; Jaikiran Pai; Anton Litvinov,14,https://mail.openjdk.org/pipermail/jdk-dev/2022-November/007133.html
2022-11-02,Julian Waters,Committer,JDK,erik.joelsson,21 changes,Build; code quality,"Doerr, Martin; Thomas Stüfe; Daniel Fuchs; Andrew Dinn; Severin Gehwolf; dean.long; Volker Simonis; Magnus Ihse Bursie; Vladimir Kozlov; Mikael Vidstedt; Jaikiran Pai; Tobias Hartmann; David Holmes; Raffaello Giulietti; Joe Wang",15,https://mail.openjdk.org/pipermail/jdk-dev/2022-November/007114.html
2022-10-12,Bill Huang,Committer,JDK,Joe Wang,12 changesets,XPath; XML,"Lance Andersen; Roger Riggs; Brian Burkhalter; naoto.sato; Doerr, Martin; Serguei Spitsyn; Jaikiran Pai; Severin Gehwolf; Raffaello Giulietti; Daniel Fuchs; Brent Christian; Stuart Marks",12,https://mail.openjdk.org/pipermail/jdk-dev/2022-October/007072.html
2022-10-11,Takuya Kiriyama,Committer,JDK,yano-masanori,16 patches,JFR; HotSpot options; troubleshooting,"Severin Gehwolf; Andrew Dinn; Doerr, Martin; Jaikiran Pai; Daniel Fuchs; Raffaello Giulietti; Joe Wang; naoto.sato; Roger Riggs; Chihiro Ito; Yasumasa Suenaga",11,https://mail.openjdk.org/pipermail/jdk-dev/2022-October/007053.html
2022-10-04,Tejesh R,Committer,JDK,Philip Race,15 changes,AWT; Swing,Jayathirth Rao Daarapuram Venkatesh Murthy; Roger Riggs; Dmitrii Markov; Alexander Zvegintsev; Daniel Fuchs; Raffaello Giulietti; Aleksei Efimov; Aleksei Ivanov; Ajit Ghaisas; Fairoz Matte; Prasanta Sadhukhan; Joe Wang; naoto.sato,13,https://mail.openjdk.org/pipermail/jdk-dev/2022-October/007028.html
2022-10-04,Alisen Chung,Committer,JDK,Philip Race,16 changes,Client libraries,Jayathirth Rao Daarapuram Venkatesh Murthy; Roger Riggs; Dmitrii Markov; Alexander Zvegintsev; Daniel Fuchs; Raffaello Giulietti; Aleksei Efimov; Aleksei Ivanov; Ajit Ghaisas; Prasanta Sadhukhan; Joe Wang; naoto.sato,12,https://mail.openjdk.org/pipermail/jdk-dev/2022-October/007029.html
2022-09-26,Johan Sjölén,Committer,JDK,Robbin Ehn,,8294245: Make Compile::print_inlining_stream stack allocated,Lois Foltan; Stefan Karlsson; Thomas Schatzl; Roberto Castañeda Lozano; Markus Gronlund; Roger Riggs; coleen.phillimore; Vladimir Kozlov; Mikhailo Seledtsov; Erik Osterlund; patricio.chilano.mateo; dean.long; Jesper Wilhelmsson; David Holmes; Tobias Hartmann; Stefan Johansson; Leo Korinth; Ivan Walulya; Raffaello Giulietti; Mikael Vidstedt; Kim Barrett,21,https://mail.openjdk.org/pipermail/jdk-dev/2022-September/006986.html
2022-09-26,Quan Anh Mai Dang,Committer,JDK,Vladimir Kozlov,,,"Vladimir Ivanov; Doerr, Martin; dean.long; Tobias Hartmann; Eric Liu; Roland Westrelin; Christian Hagedorn; Raffaello Giulietti; Mikael Vidstedt; Paul Sandoz; Andrew Dinn; Roberto Castañeda Lozano; Roger Riggs; Tyler Steele",14,https://mail.openjdk.org/pipermail/jdk-dev/2022-September/006995.html
2022-09-21,Christian Stein,Committer,JDK,Jonathan Gibbons,18 changesets,updates,"Lance Andersen; Brent Christian; naoto.sato; Brian Burkhalter; Stuart Marks; Jaikiran Pai; Sundararajan Athijegannathan; Jim Laskey; Daniel Fuchs; Raffaello Giulietti; Langer, Christoph; Thomas Stüfe; Mario Torre; Jan Lahoda; Roger Riggs; Chris Hegarty; Adam Sotona; mandy.chung; Joe Wang; Wei-Jun Wang; Magnus Ihse Bursie",21,https://mail.openjdk.org/pipermail/jdk-dev/2022-September/006950.html
2022-09-20,Axel Boldt-Christmas,Committer,JDK,Stefan Karlsson,,https://github.com/openjdk/jdk/commit/725f41ffd4b137aef3f83700b4e181e9d93368d4,"Roberto Castañeda Lozano; Severin Gehwolf; Markus Gronlund; Thomas Schatzl; Tobias Hartmann; Lois Foltan; Erik Osterlund; Stefan Johansson; Jesper Wilhelmsson; Andrew Dinn; Sangheon Kim; Doerr, Martin; Roger Riggs; Brent Christian; Ivan Walulya; Mikael Vidstedt; coleen.phillimore; Mikhailo Seledtsov; dean.long; David Holmes; Daniel Fuchs; Leo Korinth; Alan Bateman; Robbin Ehn; Kim Barrett",25,https://mail.openjdk.org/pipermail/jdk-dev/2022-September/006919.html
2022-09-05,Eric Liu,Committer,JDK,Ningsheng Jian,27 changes,AArch64; Vector API; C2,"Tobias Hartmann; Christian Hagedorn; Xiaohong Gong; Roberto Castañeda Lozano; Andrew Dinn; Doerr, Martin; Pengfei Li; yangfei; Volker Simonis; Bhateja, Jatin; dean.long; Roger Riggs; Daniel Fuchs; Nick Gasson",14,https://mail.openjdk.org/pipermail/jdk-dev/2022-September/006889.html
2022-09-01,Toshio Nakamura,Committer,JDK,Tyler Steele,16 commits,Internationalization; non-ASCII text,"Yasumasa Suenaga; naoto.sato; Severin Gehwolf; Thomas Stüfe; Chihiro Ito; Yuri Nesterenko; Doerr, Martin; Langer, Christoph; Baesken, Matthias; Ichiroh Takiguchi; Roger Riggs; Daniel Fuchs; Dmitrii Markov",13,https://mail.openjdk.org/pipermail/jdk-dev/2022-September/006881.html
2022-08-17,Raffaello Giulietti,Committer,JDK,Joe Darcy,40+ fixes,Core libraries; numerics; regex; HotSpot intrinsics,"Jim Laskey; Severin Gehwolf; Brian Burkhalter; Alan Bateman; mandy.chung; Daniel Fuchs; Langer, Christoph; Seán Coffey; Lance Andersen; Chris; Roger Riggs; dean.long; Jaikiran Pai; Naoto Sato; Joe Wang; Andrew Dinn; Volker Simonis; Brent Christian; Stuart Marks; Daniel Jeliński; Christian Hagedorn; Roberto Castañeda Lozano; Tobias Hartmann",23,https://mail.openjdk.org/pipermail/jdk-dev/2022-August/006840.html
2022-08-16,Ajit Ghaisas,Reviewer,JDK,Philip Race,35 contributions,Java 2D; Metal pipeline; macOS,Prasanta Sadhukhan; Daniel Fuchs; Alexander Zvegintsev; Yuri Nesterenko; Alexey Ushakov; Jaikiran Pai; Dmitrii Markov; Aleksei Ivanov; Jayathirth Rao Daarapuram Venkatesh Murthy,9,https://mail.openjdk.org/pipermail/jdk-dev/2022-August/006836.html
2022-07-27,Evgeny Astigeevich,Committer,JDK,Volker Simonis,18 changes,AArch64 performance,"Tobias Hartmann; Harold Seigel; Yuri Nesterenko; Zhengyu Gu; Hohensee, Paul; Langer, Christoph; Vladimir Kozlov; Roger Riggs; Andrew Dinn; Serguei Spitsyn",10,https://mail.openjdk.org/pipermail/jdk-dev/2022-July/006807.html
2022-06-16,Conor Cleary,Committer,JDK,Daniel Fuchs,28 changesets,some tricky fixes in,Chris Hegarty; Harold Seigel; Naoto Sato; Brent Christian; Roger Riggs; Aleksei Efimov; Lance Andersen; Joe Wang; Iris Clark; Brian Burkhalter; Jaikiran Pai; Seán Coffey; Mandy Chung; Mahendra Chhipa,14,https://mail.openjdk.org/pipermail/jdk-dev/2022-June/006741.html
2022-06-02,Ron Pressler,Committer,JDK,Alan Bateman,900 commits,Project Loom; virtual threads,"Dalibor Topic; Thomas Stüfe; Seán Coffey; Brian Burkhalter; mark.reinhold; Jim Laskey; Lance Andersen; Roger Riggs; Mandy Chung; coleen.phillimore; Wei-Jun Wang; daniel.daugherty; Vladimir Kozlov; Vicente Romero; Mikael Vidstedt; Lois Foltan; Daniel Fuchs; Jan Lahoda; Erik Osterlund; Vladimir Ivanov; Chris Plummer; Mikhailo Seledtsov; Brent Christian; Magnus Ihse Bursie; Naoto Sato; Leonid Mesnik; Leo Korinth; Aleksei Ivanov; Claes Redestad; Joseph D. Darcy; Stuart Marks; David Buck; Jaikiran Pai; dean.long; Lindenmaier, Goetz; Roberto Castañeda Lozano; Reingruber, Richard; Chris Hegarty; Dmitrii Markov; Langer, Christoph; Markus Gronlund; Hohensee, Paul; Phil Race; David Holmes; Kevin Walls; Andrew Dinn; Tobias Hartmann; Frederic Parain; Viswanathan, Sandhya; Jesper Wilhelmsson; Stefan Karlsson; Serguei Spitsyn; Fairoz Matte; Jaroslav Bachorik; Iris Clark",55,https://mail.openjdk.org/pipermail/jdk-dev/2022-June/006648.html
2022-05-09,Tyler Steele,Committer,JDK,"Doerr, Martin",10 changes,AIX; PPC64; s390,"Thomas Stüfe; Reingruber, Richard; Langer, Christoph; Yuri Nesterenko; Baesken, Matthias; Severin Gehwolf; Lindenmaier, Goetz",7,https://mail.openjdk.org/pipermail/jdk-dev/2022-May/006595.html
2022-05-06,Emanuel Peter,Committer,JDK,Tobias Hartmann,15 changes,d C++ and Python development for distributed applications.,Roberto Castañeda Lozano; Harold Seigel; eric.caspole; Jesper Wilhelmsson; Roger Riggs; Vladimir Kozlov; Vladimir Ivanov; Christian Hagedorn; Mikael Vidstedt; dean.long; Igor Veresov; Kim Barrett; Thomas Stüfe,13,https://mail.openjdk.org/pipermail/jdk-dev/2022-May/006551.html
2022-05-06,Tobias Holenstein,Committer,JDK,Tobias Hartmann,15 changes,d parallel,"Roberto Castañeda Lozano; Harold Seigel; eric.caspole; Roger Riggs; Jesper Wilhelmsson; Vladimir Kozlov; Vladimir Ivanov; Christian Hagedorn; Mikael Vidstedt; Doerr, Martin; dean.long; Igor Veresov; Kim Barrett; Thomas Stüfe",14,https://mail.openjdk.org/pipermail/jdk-dev/2022-May/006550.html
2022-05-06,Jaikiran Pai,Reviewer,JDK,Daniel Fuchs,63 changesets,daniel,"Chris Hegarty; Lance Andersen; Alan Bateman; Brian Burkhalter; Andrew Dinn; Seán Coffey; Naoto Sato; Severin Gehwolf; Roger Riggs; daniel.daugherty; Joe Darcy; Mandy Chung; Wei-Jun Wang; Brent Christian; Stuart Marks; johnsjiang; Lindenmaier, Goetz; Langer, Christoph; Magnus Ihse Bursie; Hohensee, Paul; Rajan Halade; dean.long",22,https://mail.openjdk.org/pipermail/jdk-dev/2022-May/006564.html
2022-04-08,Mahendra Chhipa,Committer,JDK,Daniel Fuchs,12 changesets,daniel,Chris Hegarty; mark sheppard; Roger Riggs; Jaikiran Pai; Aleksei Ivanov,5,https://mail.openjdk.org/pipermail/jdk-dev/2022-April/006490.html
2022-03-28,Fei Yang,Reviewer,JDK,Aleksey Shipilev,,"Thanks,","Zhengyu Gu; Severin Gehwolf; Andrew Dinn; Vladimir Kozlov; Hohensee, Paul; Langer, Christoph; Thomas Stüfe; Tobias Hartmann",8,https://mail.openjdk.org/pipermail/jdk-dev/2022-March/006461.html
2022-03-09,Xiaohong Gong,Committer,JDK,Ningsheng Jian,29 changes,AArch64; Vector API; C2,"David Holmes; Pengfei Li; Andrew Dinn; Zhengyu Gu; Harold Seigel; Severin Gehwolf; Paul Sandoz; Roger Riggs; Guoxiong Li; Vladimir Kozlov; Vladimir Kempik; Viswanathan, Sandhya",12,https://mail.openjdk.org/pipermail/jdk-dev/2022-March/006435.html
2022-02-14,Daniel Jelinski,Committer,JDK,Daniel Fuchs,60+ fixes,daniel,"Chris Hegarty; Roger Riggs; Harold Seigel; Claes Redestad; Magnus Ihse Bursie; Lance Andersen; Lois Foltan; Naoto Sato; Brian Burkhalter; Langer, Christoph; Jaikiran Pai; Dmitrii Markov; Brent Christian; Seán Coffey; Aleksei Ivanov",15,https://mail.openjdk.org/pipermail/jdk-dev/2022-February/006400.html
2022-02-10,Masanori Yano,Committer,JDK,David Buck,16 contributions,Look in,Seán Coffey; Severin Gehwolf; Yi Yang; Andrew Dinn; Daniel Fuchs; Dmitrii Markov; Yuri Nesterenko; Aleksei Efimov; Kevin Walls; Jaikiran Pai; Harold Seigel; eric.caspole; Aleksei Ivanov,13,https://mail.openjdk.org/pipermail/jdk-dev/2022-February/006374.html
2022-01-13,Fairoz Matte,Committer,JDK,Poonam Parhar,,JVM Sustaining; JDK 8u Author,Vladimir Kozlov; Jayathirth D V; Kim Barrett; Prasanta Sadhukhan; Tobias Hartmann; Yuri Nesterenko; Stefan Karlsson; Thomas Schatzl; Seán Coffey; Severin Gehwolf; Andrew Dinn; Stefan Johansson; Harold Seigel; Jaikiran Pai; coleen.phillimore; Lois Foltan; Ajit Ghaisas; eric.caspole; daniel.daugherty; Dmitrii Markov; Vladimir Ivanov; Mikhailo Seledtsov; calvin.cheung; Jesper Wilhelmsson; Kumar Srinivasan; Mikael Vidstedt; David Holmes; Per Liden; Mario Torre; Christian Hagedorn; Gerard Ziemski; Leo Korinth; Vladimir Kempik; Aleksei Ivanov; Volker Simonis,35,https://mail.openjdk.org/pipermail/jdk-dev/2022-January/006314.html
2021-12-27,Artem Semenov,Committer,JDK,Anton Tarasov,10 issues,Accessibility; AWT; macOS,Dmitry Batrak; Yuri Nesterenko; Andrew Brygin; Alexey Ushakov; Alexander Zuev,5,https://mail.openjdk.org/pipermail/jdk-dev/2021-December/006303.html
2021-11-02,Andrey Turbanov,Committer,JDK,Daniel Fuchs,30+ changesets,daniel,"Pavel Rappo; Pankaj Bansal; Aleksei Efimov; Naoto Sato; Seán Coffey; Yuri Nesterenko; Roger Riggs; Brian Burkhalter; Aleksei Ivanov; Jaikiran Pai; Langer, Christoph; Magnus Ihse Bursie",12,https://mail.openjdk.org/pipermail/jdk-dev/2021-November/006213.html
2021-11-01,Alexey Bakhtin,Committer,JDK,Yuri Nesterenko,,Security; TLS; PKCS11; Kerberos,"Wei-Jun Wang; Lindenmaier, Goetz; Severin Gehwolf; Andrew Brygin; Aleksei Efimov; Daniel Fuchs; Doerr, Martin; Hohensee, Paul; Anton Kozlov; Roger Riggs; Langer, Christoph; Claes Redestad",12,https://mail.openjdk.org/pipermail/jdk-dev/2021-November/006198.html
2021-10-21,Patricio Chilano Mateo,Reviewer,JDK,coleen.phillimore,56 commits,Locking; safepoints; handshakes,"Erik Osterlund; Harold Seigel; Jesper Wilhelmsson; Zhengyu Gu; calvin.cheung; Mikael Vidstedt; Alan Bateman; Stefan Karlsson; Andrew Dinn; Thomas Stüfe; Markus Gronlund; Lois Foltan; Roger Riggs; Reingruber, Richard; Mandy Chung; Jiangli Zhou; David Holmes; Kim Barrett; Per Liden; Leo Korinth; daniel.daugherty",21,https://mail.openjdk.org/pipermail/jdk-dev/2021-October/006167.html
2021-09-22,Ralf Schmelter,Reviewer,JDK,"Lindenmaier, Goetz",32 changes,GC; runtime; JVMTI; profiling,"Aleksey Shipilev; Andrew Dinn; Baesken, Matthias; Severin Gehwolf; Langer, Christoph; Doerr, Martin; Chris Plummer; Hohensee, Paul; Reingruber, Richard; Volker Simonis",10,https://mail.openjdk.org/pipermail/jdk-dev/2021-September/006071.html
2021-09-14,Ivan Walulya,Reviewer,JDK,Thomas Schatzl,35 changes,G1; Parallel GC; remembered sets,Erik Osterlund; Sangheon Kim; Stefan Karlsson; Stefan Johansson; Leo Korinth; Volker Simonis; Per Liden; Jesper Wilhelmsson; Kim Barrett; Thomas Stüfe,10,https://mail.openjdk.org/pipermail/jdk-dev/2021-September/006041.html
2021-09-10,Leonid Mesnik,Reviewer,JDK,Serguei Spitsyn,92 commits,JDK; Loom project,"daniel.daugherty; Chris Plummer; Thomas Stüfe; Chris Hegarty; Erik Osterlund; vladimir.kozlov; David Holmes; Alan Bateman; Kim Barrett; Tobias Hartmann; Magnus Ihse Bursie; Thomas Schatzl; Severin Gehwolf; Yuri Nesterenko; Andrew Dinn; Vladimir Ivanov; coleen.phillimore; Harold Seigel; Jim Laskey; Lois Foltan; Roger Riggs; Daniel Fuchs; Tony Printezis; Mandy Chung; calvin.cheung; Hohensee, Paul; Jiangli Zhou; Sangheon Kim; Stefan Karlsson; Leo Korinth; Per Liden; Stefan Johansson; Christian Hagedorn",33,https://mail.openjdk.org/pipermail/jdk-dev/2021-September/006000.html
2021-08-22,Lin Zang,Committer,JDK,Chris Plummer,21 patches,:,"Yangfei; David Holmes; Kevin Walls; Severin Gehwolf; Hohensee, Paul; Zhengyu Gu; Guoxiong Li; Langer, Christoph; Denghui Dong",9,https://mail.openjdk.org/pipermail/jdk-dev/2021-August/005967.html
2021-08-06,Denghui Dong,Committer,JDK,Markus Gronlund,12+ contributions,JFR; GC; intrinsics; memory,"Harold Seigel; Severin Gehwolf; Mario Torre; Zhengyu Gu; eric.caspole; Langer, Christoph; Guoxiong Li; Hohensee, Paul; Yi Yang; Andrew Dinn; Lois Foltan; mikhailo.seledtsov; Stuefe, Thomas",13,https://mail.openjdk.org/pipermail/jdk-dev/2021-August/005896.html
2021-06-24,Leo Korinth,Reviewer,JDK,Thomas Schatzl,50 contributions,Parallel GC; G1; reference processing,"Thomas Stüfe; Lindenmaier, Goetz; Andy Herrick; Andrew Dinn; Alan Bateman; Harold Seigel; Sangheon Kim; Lois Foltan; Kim Barrett; daniel.daugherty; Daniel Fuchs; Erik Osterlund; calvin.cheung; Jesper Wilhelmsson; Joel Borggren-Franck; Yuri Nesterenko; Magnus Ihse Bursie; Mikael Vidstedt; erik.joelsson; Reingruber, Richard; Per Liden; Brent Christian",22,https://mail.openjdk.org/pipermail/jdk-dev/2021-June/005710.html
2021-06-08,Xin Liu,Committer,JDK,Volker Simonis,42 patches,C2 JIT compiler; async logging,"Thomas Stüfe; Yi Yang; Vladimir Ivanov; Baesken, Matthias; Andrew Dinn; Severin Gehwolf; Christian Hagedorn; Zhengyu Gu; David Holmes; Hohensee, Paul; Yasumasa Suenaga; Vladimir Kozlov; Langer, Christoph; Ningsheng Jian; Reingruber, Richard; Vladimir Kempik",16,https://mail.openjdk.org/pipermail/jdk-dev/2021-June/005665.html
2021-06-02,Guoxiong Li,Committer,JDK,Vicente Romero,101 commits,javac; GC,Jonathan Gibbons; Jim Laskey; Daniel Fuchs; Joe Darcy; Jan Lahoda; Harold Seigel; Joel Borggren-Franck; Andrew Dinn; Mario Torre; Maurizio Cimadamore,10,https://mail.openjdk.org/pipermail/jdk-dev/2021-June/005641.html
2021-06-01,Hui Shi,Committer,JDK,jiefu,23 changes,AArch64; C2 memory barriers,David Holmes; Stefan Karlsson; Vladimir Ivanov; Severin Gehwolf; Zhengyu Gu; Mario Torre; Lois Foltan; Vladimir Kozlov; Yi Yang; Kim Barrett; johnsjiang,11,https://mail.openjdk.org/pipermail/jdk-dev/2021-June/005618.html
2021-05-19,Yi Yang,Committer,JDK,Tobias Hartmann,24 patches,"s making java start up faster and occupies less memory for serverless applications. In tool,","Yuri Nesterenko; Zhengyu Gu; Vladimir Ivanov; Vladimir Kozlov; calvin.cheung; Jiangli Zhou; David Holmes; Mikael Vidstedt; Andrew Dinn; Mario Torre; eric.caspole; Viswanathan, Sandhya; Ningsheng Jian",13,https://mail.openjdk.org/pipermail/jdk-dev/2021-May/005563.html
2021-05-13,Sandhya Viswanathan,Reviewer,JDK,Paul Sandoz,32 commits,HotSpot x86 codegen; Vector API,"Andrew Dinn; Hohensee, Paul; Jesper Wilhelmsson; Chris Hegarty; Lois Foltan; Vladimir Ivanov; Daniel Fuchs; Brian Goetz; Harold Seigel; Anthony Scarpino; Alan Bateman; Mikael Vidstedt; Tobias Hartmann",13,https://mail.openjdk.org/pipermail/jdk-dev/2021-May/005528.html
2021-05-03,Jie Fu,Reviewer,JDK,Ioi Lam,6 commits; 140 contributions,JIT compiler; C2; Vector API; GC,"Vladimir Ivanov; Lois Foltan; Vladimir Kozlov; johnsjiang; Zhengyu Gu; calvin.cheung; Lindenmaier, Goetz; Severin Gehwolf; Langer, Christoph; Tobias Hartmann; Harold Seigel; Thomas Stüfe; Paul Sandoz; Hohensee, Paul; Daniel Fuchs",15,https://mail.openjdk.org/pipermail/jdk-dev/2021-May/005457.html
2021-04-29,Alexey Ushakov,Committer,JDK,Philip Race,9 contributions,notably adopting LittleCMS as the,eric.caspole; Andy Herrick; Sergey Bylokhov; Jayathirth D V; Alexander Zuev; Ajit Ghaisas; Yuri Nesterenko; Dmitry Batrak; Dmitrii Markov; Daniel Fuchs; Andrew Dinn; Severin Gehwolf; Laurent Bourgès; Tejpal Rebari; Vladimir Ivanov; Brent Christian,16,https://mail.openjdk.org/pipermail/jdk-dev/2021-April/005431.html
2021-04-23,Ian Graves,Committer,JDK,Stuart Marks,15 commits,and synchronized*,"Brian Burkhalter; Roger Riggs; Naoto Sato; Claes Redestad; Brent Christian; Vladimir Ivanov; Joe Darcy; Mandy Chung; Pavel Rappo; Paul Sandoz; Jim Laskey; Langer, Christoph; Volker Simonis; Seán Coffey; Michael McMahon; Rahul Yadav; Severin Gehwolf; Dmitrii Markov; Chris Hegarty; Andrew Dinn; eric.caspole; Daniel Fuchs; Joe Wang; Mikael Vidstedt; Thomas Stüfe; Harold Seigel; Lois Foltan; Maurizio Cimadamore; John Rose; Alan Bateman; Igor Ignatev; abdul.kolarkunnu; Lance Andersen; Vicente Romero; Iris Clark",35,https://mail.openjdk.org/pipermail/jdk-dev/2021-April/005385.html
2021-04-20,Anton Kozlov,Committer,JDK,Vladimir Kempik,13 contributions; 18 changes,JDK; JEP-391,Thomas Stüfe; Severin Gehwolf; David Holmes; Yuri Nesterenko; Alan Bateman; Andrew Brygin; Dmitry Cherepanov; Harold Seigel; Lois Foltan; Roger Riggs; Vladimir Kozlov; Andrew Dinn; mikhailo.seledtsov; Igor Ignatev; Daniel Fuchs; daniel.daugherty; Ningsheng Jian; abdul.kolarkunnu; Mikael Vidstedt; Coleen Phillimore; Chris Hegarty; Vladimir Ivanov; Volker Simonis; Stefan Karlsson,24,https://mail.openjdk.org/pipermail/jdk-dev/2021-April/005339.html
2021-03-04,Albert Mingkun Yang,Committer,JDK,Thomas Schatzl,60 contributions,https://bugs.openjdk.java.net/browse/JDK-8259668,,0,https://mail.openjdk.org/pipermail/jdk-dev/2021-March/005162.html
2021-02-25,Adam Sotona,Committer,JDK,Jonathan Gibbons,,Jonathan Gibbons; commit 2eca17d1b1b6535f3424026c536cde8697a4ec5d; commit ed4b80177186c56e50c63c1f8f61e7887f2a7861; commit 63ade9c49cc3a2ef26f7b01bbd0dc5393fdfd9c9,Jim Laskey; eric.caspole; Lois Foltan; Daniel Fuchs; Harold Seigel; Alexander Zuev; Stuart Marks; Roger Riggs; Jaroslav Bachorik,9,https://mail.openjdk.org/pipermail/jdk-dev/2021-February/005130.html
2021-02-25,Arno Zeller,Committer,JDK,Vladimir Kozlov,11 commits,">> From: jdk-dev <jdk-dev-retn at openjdk.java.net> On Behalf Of Vladimir; changes:; >> authored another one [1]. Above that, he's constantly involved in reporting","Lindenmaier, Goetz; Thomas Stüfe; Baesken, Matthias; Severin Gehwolf",4,https://mail.openjdk.org/pipermail/jdk-dev/2021-February/005119.html
2021-02-16,Albert Mingkun Wang,Committer,OpenJDK,Thomas Schatzl,,https://bugs.openjdk.java.net/browse/JDK-8259668,"Per Liden; Leo Korinth; Stefan Johansson; Sangheon Kim; Ivan Walulya; Reingruber, Richard; eric.caspole; Alan Bateman; Volker Simonis; Mikael Vidstedt; Kim Barrett; Jesper Wilhelmsson; Erik Helin; Daniel Fuchs; Harold Seigel; Erik Osterlund; Langer, Christoph",17,https://mail.openjdk.org/pipermail/jdk-dev/2021-February/005068.html
2021-01-21,Hai-May Chao,Committer,JDK,sean.mullan,13 fixes,TLS; OCSP; security tools,"Sean Mullan; Bradford Wetmore; Harold Seigel; Jamil Nimeh; Lois Foltan; Joe Darcy; Xue-Lei Fan; Daniel Fuchs; Severin Gehwolf; Anthony Scarpino; Seán Coffey; Roger Riggs; Wei-Jun Wang; Aleksej Efimov; Brent Christian; Naoto Sato; sibabrata.sahoo; abdul.kolarkunnu; Andrew Dinn; Yuri Nesterenko; John Jiang; Langer, Christoph",22,https://mail.openjdk.org/pipermail/jdk-dev/2021-January/005025.html
2021-01-16,Roberto Castañeda Lozano,Committer,JDK,Vladimir Kozlov,,,"Igor Ignatyev; Jesper Wilhelmsson; Kim Barrett; Vladimir Ivanov; Mikael Vidstedt; Tobias Hartmann; Christian Hagedorn; Claes Redestad; Markus Gronlund; Andrew Dinn; Langer, Christoph; David Holmes; Per Liden; Reingruber, Richard; Coleen Phillimore; Igor Veresov; Dean Long; Serguei Spitsyn; Rahul Raghavan",19,https://mail.openjdk.org/pipermail/jdk-dev/2021-January/005002.html
2020-11-24,Andrew Leonard,Committer,JDK,Severin Gehwolf,12 contributions,[0] and has also been involved in aiding 7,"Andrew Dinn; Lindenmaier, Goetz; Mario Torre; Langer, Christoph; Roger Riggs",5,https://mail.openjdk.org/pipermail/jdk-dev/2020-November/004967.html
2020-11-09,Richard Reingruber,Reviewer,JDK,"Lindenmaier, Goetz",30 changes,JVMTI; compiler; GC; s390/PPC ports,"Aleksey Shipilev; Doerr, Martin; Thomas Stüfe; Erik Österlund; Vladimir Ivanov; Dean Long; Coleen Phillimore; Zhengyu Gu; Harold Seigel; Daniel D. Daugherty; Baesken, Matthias; Vladimir Kozlov; Lois Foltan; David Holmes; Langer, Christoph; Tobias Hartmann; Hohensee, Paul; Severin Gehwolf; Volker Simonis; Christian Hagedorn",20,https://mail.openjdk.org/pipermail/jdk-dev/2020-November/004911.html
2020-11-06,Kiran Ravikumar,Committer,JDK,Seán Coffey,,Core libraries,"Aleks Efimov; Harold Seigel; Lois Foltan; Severin Gehwolf; Stuart Marks; Brian Burkhalter; Lindenmaier, Goetz; Naoto Sato; Roger Riggs; Langer, Christoph; Dmitry Markov; Daniel Fuchs; abdul.kolarkunnu; Alexey Ivanov",14,https://mail.openjdk.org/pipermail/jdk-dev/2020-November/004897.html
2020-09-25,Bob Vandette,Reviewer,JDK,Harold Seigel,100+ changes,HotSpot runtime; container support; AArch64,"Coleen Phillimore; Baesken, Matthias; Igor Ignatyev; Daniel Fuchs; Seán Coffey; Lois Foltan; Zhengyu Gu; David Holmes; Alan Bateman; Roger Riggs; Jim Laskey; Sean Mullan; Severin Gehwolf; Andrew Dinn; Daniel D. Daugherty; Jesper Wilhelmsson; Joe Darcy; Kim Barrett; Naoto Sato; Erik Gahlin; Mikael Vidstedt; Thomas Stüfe; Mandy Chung; Brent Christian; Weijun Wang; Lance Andersen; Erik Joelsson; Vladimir Kozlov; Philip Race; Vladimir Ivanov; Andy Herrick; Michael McMahon; Iris Clark; Kumar Srinivasan; Sergey Bylokhov; John Rose; Stuart Marks; Lindenmaier, Goetz; Tobias Hartmann; Jayathirth D v; Stefan Karlsson; Christian Hagedorn; calvin.cheung; Hohensee, Paul; Per Liden; Dean Long",46,https://mail.openjdk.org/pipermail/jdk-dev/2020-September/004759.html
2020-09-10,Tejpal Rebari,Committer,JDK,Sergey Bylokhov,20 contributions,Client libraries,Jayathirth D v; Pankaj Bansal; Prasanta Sadhukhan; Ajit Ghaisas,4,https://mail.openjdk.org/pipermail/jdk-dev/2020-September/004719.html
2020-08-19,Rahul Yadav,Committer,JDK,Daniel Fuchs,14 fixes,daniel,Aleks Efimov; Chris Hegarty; Seán Coffey; Lance Andersen; Roger Riggs; Pavel Rappo; Dmitry Markov; Mandy Chung; naoto.sato; Brent Christian; Michael McMahon; Joe Wang; Stuart Marks; abdul.kolarkunnu,14,https://mail.openjdk.org/pipermail/jdk-dev/2020-August/004629.html
2020-07-03,Christian Hagedorn,Reviewer,JDK,Tobias Hartmann,47 changes,HotSpot compiler; Valhalla,"Severin Gehwolf; Andrew Dinn; Vladimir Ivanov; Dean Long; Roland Westrelin; Lindenmaier, Goetz; Igor Ignatyev; Jesper Wilhelmsson; Vladimir Kozlov; Kim Barrett; John Rose; Alan Bateman; Volker Simonis; Thomas Stüfe; Hohensee, Paul; Langer, Christoph; Harold Seigel; coleen.phillimore; Calvin Cheung; serguei.spitsyn",20,https://mail.openjdk.org/pipermail/jdk-dev/2020-July/004474.html
2020-06-30,Shravya Rukmannagari,Committer,JDK,Vladimir Ivanov,8+ significant changes,Crypto; SHA; AES; CRC32; Vector API,"eric.caspole; Andrew Dinn; Paul Sandoz; Viswanathan, Sandhya; David Holmes",5,https://mail.openjdk.org/pipermail/jdk-dev/2020-June/004454.html
2020-06-17,Anton Litvinov,Reviewer,JDK,Dmitry Markov,37 changes,Client libraries,Seán Coffey; Daniel Fuchs; Yuri Nesterenko; Andrew Brygin; Alexey Ivanov,5,https://mail.openjdk.org/pipermail/jdk-dev/2020-June/004433.html
2020-06-11,Alexander Matveev,Committer,JDK,Brian Burkhalter,37 contributions,jpackage; media; client Java,,0,https://mail.openjdk.org/pipermail/jdk-dev/2020-June/004398.html
2020-06-11,Alexander Matvee,Committer,JDK,Andy Herrick,,,Dmitry Markov; Philip Race; Jayathirth D v,3,https://mail.openjdk.org/pipermail/jdk-dev/2020-June/004397.html
2020-06-04,Jorn Vernee,Committer,OpenJDK,Claes Redestad,133 commits (Panama) + 20+ JDK,Panama; Memory Access API; java.lang.invoke,"Jim Laskey; Jan Lahoda; Erik Österlund; Robin Westberg; Erik Helin; Vicente Romero; Tim Bell; Harold Seigel; Andrew Dinn; Lois Foltan; eric.caspole; Mandy Chung; Volker Simonis; Aleks Efimov; Daniel Fuchs; Maurizio Cimadamore; sundararajan.athijegannathan; Paul Sandoz; Hohensee, Paul; Vladimir Ivanov; John Rose; Henry Jen; Dean Long; David Holmes; Per Liden; Stuart Marks; Tobias Hartmann; stefan.johansson; Magnus Ihse Bursie; Igor Ignatyev; Kim Barrett; Langer, Christoph; Mikael Vidstedt; Thomas Stüfe; Mario Torre; Viswanathan, Sandhya",36,https://mail.openjdk.org/pipermail/jdk-dev/2020-June/004351.html
2020-05-27,Simon Tooke,Committer,OpenJDK,Andrew Hughes,,Andrew :),"Mario Torre; Zhengyu Gu; Hohensee, Paul; Thomas Stüfe",4,https://mail.openjdk.org/pipermail/jdk-dev/2020-May/004337.html
2020-04-16,Amy Lu,Reviewer,JDK,Roger Riggs,150 contributions,java.nio; java.util; java.lang testing,"Xuelei Fan; Andy Herrick; Joe Darcy; Jim Laskey; Joe Wang; Mandy Chung; Daniel Fuchs; Brent Christian; Harold Seigel; Hohensee, Paul; Thomas Stüfe; Andrew Dinn; sha.jiang; Igor Ignatyev; Weijun Wang; Jayathirth D v; Hamlin Li; Dmitry Markov; Alan Bateman; naoto.sato; Pavel Rappo; Volker Simonis; Calvin Cheung; Seán Coffey; Langer, Christoph; Jiangli Zhou; Kumar Srinivasan; Paul Sandoz; Stuart Marks",29,https://mail.openjdk.org/pipermail/jdk-dev/2020-April/004222.html
2020-04-15,Mark Sheppard,Reviewer,JDK,Chris Hegarty,87 contributions,Networking; security; core libraries,"Pavel Rappo; Jim Laskey; Seán Coffey; sha.jiang; Vincent Ryan; Roger Riggs; Daniel Fuchs; naoto.sato; Joe Darcy; Volker Simonis; Jiangli Zhou; Vicente Romero; Harold Seigel; Michael McMahon; Andrew Dinn; Magnus Ihse Bursie; Joe Wang; Mandy Chung; Brent Christian; Paul Sandoz; Brian Burkhalter; Dmitry Markov; Hamlin Li; Langer, Christoph; Alexey Ivanov; Stuart Marks",26,https://mail.openjdk.org/pipermail/jdk-dev/2020-April/004205.html
2020-03-20,Nick Gasson,Committer,JDK,Ningsheng Jian,29 changes,are stable,"Volker Simonis; David Holmes; Tobias Hartmann; Vladimir Ivanov; Dean Long; Alan Bateman; Magnus Ihse Bursie; Thomas Schatzl; Zhengyu Gu; Jamsheed C M; Roger Riggs; Langer, Christoph; Andrew Dinn; Vladimir Kozlov; Severin Gehwolf; Dmitry Chuyko; Thomas Stüfe; Dmitrij Pochepko",18,https://mail.openjdk.org/pipermail/jdk-dev/2020-March/004111.html
2020-03-20,Pengfei Li,Committer,JDK,Ningsheng Jian,20 changes,AArch64; vectorization; intrinsics,"Volker Simonis; David Holmes; Tobias Hartmann; Vladimir Ivanov; Dean Long; Thomas Schatzl; Zhengyu Gu; Jamsheed C M; Roger Riggs; Magnus Ihse Bursie; Langer, Christoph; Andrew Dinn; Vladimir Kozlov; B. Blaser; Dmitry Chuyko; Dmitrij Pochepko",16,https://mail.openjdk.org/pipermail/jdk-dev/2020-March/004112.html
2020-03-18,Alexey Semenyuk,Committer,JDK,Philip Race,43 contributions,https://hg.openjdk.java.net/jdk/jdk/rev/1b1a7893c78a,"Andy Herrick; Harold Seigel; Langer, Christoph; Andrew Dinn; Volker Simonis; Dmitry Markov; Roger Riggs; Lindenmaier, Goetz; Magnus Ihse Bursie; Ivan Gerasimov; mikhailo.seledtsov; Erik Joelsson; Alexey Ivanov; Sergey Bylokhov",14,https://mail.openjdk.org/pipermail/jdk-dev/2020-March/004092.html
2020-03-16,Hamlin Li,Reviewer,JDK,Roger Riggs,130 contributions,Core libraries; NIO; RMI,"Daniel Fuchs; Brent Christian; Chris Hegarty; Xuelei Fan; sha.jiang; Joe Wang; Weijun Wang; Alan Bateman; Langer, Christoph; Andrew Dinn; Thomas Stüfe; Mandy Chung; Harold Seigel; Lindenmaier, Goetz",14,https://mail.openjdk.org/pipermail/jdk-dev/2020-March/004069.html
2020-03-16,Pankaj Bansal,Reviewer,JDK,Sergey Bylokhov,45 contributions,Client libraries,"Volker Simonis; Andrew Dinn; Dmitry Markov; Prasanta Sadhukhan; Philip Race; Jayathirth D v; Alexey Ivanov; Langer, Christoph; Roger Riggs",9,https://mail.openjdk.org/pipermail/jdk-dev/2020-March/004058.html
2020-03-12,Chihiro Ito,Committer,JDK,Andrew Haley,12 significant fixes,Andrew Haley  (he/him),"Thomas Stüfe; Zhengyu Gu; Mario Torre; Severin Gehwolf; Andrew Dinn; Yasumasa Suenaga; Eric Caspole; Ningsheng Jian; David Buck; Langer, Christoph; Volker Simonis; Roger Riggs; Daniel Fuchs",13,https://mail.openjdk.org/pipermail/jdk-dev/2020-March/004044.html
2020-02-19,Lutz Schmidt,Reviewer,JDK,"Langer, Christoph",50 commits,JIT compiler; s390/PPC ports,"Andrew Dinn; Doerr, Martin; Baesken, Matthias; Tobias Hartmann; Severin Gehwolf; Vladimir Ivanov; Vladimir Kozlov; Thomas Stüfe; Aleksey Shipilev; Volker Simonis; Lindenmaier, Goetz",11,https://mail.openjdk.org/pipermail/jdk-dev/2020-February/003916.html
2020-02-17,Dmitry Batrak,Committer,JDK,Anton Tarasov,8 significant fixes,"With LCD antialiasing, some glyphs are not rendered",Alexey Ivanov; Sergey Bylokhov; Dmitry Markov,3,https://mail.openjdk.org/pipermail/jdk-dev/2020-February/003911.html
2020-02-12,John Jiang,Reviewer,jdk,Rajan Halade,83 changesets,Security libs; networking; JAXP,"Xuelei Fan; Jamil Nimeh; Langer, Christoph; Pavel Rappo; Sean Mullan; Weijun Wang; Andrew Dinn; Mario Torre; Seán Coffey; Daniel Fuchs; Harold Seigel; Joe Wang",12,https://mail.openjdk.org/pipermail/jdk-dev/2020-February/003892.html
2020-01-02,Jatin Bhateja,Committer,JDK,Roger Riggs,63+ contributions,AVX512; Vector API; auto-vectorization,,0,https://mail.openjdk.org/pipermail/jdk-dev/2020-January/003833.html
